Workbook

Sheet Picks
A1: # | B1: Fecha | C1: Partido | D1: Selección | E1: Equipo | F1: Tipo | G1: Momio | H1: Live | I1: Editado | J1: Resultado | K1: Stake (u) | L1: Utilidad (u) | M1: Acum (u)
A2: 86 | B2: 2026-07-26 | C2: Tampa Bay Rays vs Cleveland Guardians | D2: Tampa Bay Rays ML | E2: Tampa Bay Rays | F2: ML | G2: 1.8 | H2: No | I2: Sí | J2: GANADO | K2: 1 | L2: =IF(J2="GANADO",G2-1,-1) -> 0.8 | M2: =L2 -> 0.8
A3: 88 | B3: 2026-07-26 | C3: Baltimore Orioles vs Atlanta Braves | D3: Atlanta Braves ML | E3: Atlanta Braves | F3: ML | G3: 1.91 | H3: No | I3: No | J3: GANADO | K3: 1 | L3: =IF(J3="GANADO",G3-1,-1) -> 0.91 | M3: =M2+L3 -> 1.71
A4: 89 | B4: 2026-07-26 | C4: Pittsburgh Pirates vs Chicago Cubs | D4: Pittsburgh Pirates ML | E4: Pittsburgh Pirates | F4: ML | G4: 1.77 | H4: No | I4: No | J4: GANADO | K4: 1 | L4: =IF(J4="GANADO",G4-1,-1) -> 0.77 | M4: =M3+L4 -> 2.48
A5: 90 | B5: 2026-07-26 | C5: Boston Red Sox vs Toronto Blue Jays | D5: Boston Red Sox ML | E5: Boston Red Sox | F5: ML | G5: 1.74 | H5: No | I5: No | J5: GANADO | K5: 1 | L5: =IF(J5="GANADO",G5-1,-1) -> 0.74 | M5: =M4+L5 -> 3.22
A6: 91 | B6: 2026-07-26 | C6: Washington Nationals vs Arizona Diamondbacks | D6: Arizona Diamondbacks ML | E6: Arizona Diamondbacks | F6: ML | G6: 1.9 | H6: No | I6: No | J6: PERDIDO | K6: 1 | L6: =IF(J6="GANADO",G6-1,-1) -> -1 | M6: =M5+L6 -> 2.22
A7: 92 | B7: 2026-07-26 | C7: New York Mets vs Los Angeles Dodgers | D7: Los Angeles Dodgers ML | E7: Los Angeles Dodgers | F7: ML | G7: 1.67 | H7: No | I7: No | J7: PERDIDO | K7: 1 | L7: =IF(J7="GANADO",G7-1,-1) -> -1 | M7: =M6+L7 -> 1.22
A8: 94 | B8: 2026-07-26 | C8: STL Cardinals vs CIN Reds | D8: CIN Reds ML | E8: CIN Reds | F8: ML | G8: 2.55 | H8: Sí | I8: Sí | J8: GANADO | K8: 1 | L8: =IF(J8="GANADO",G8-1,-1) -> 1.55 | M8: =M7+L8 -> 2.77
A9: 105 | B9: 2026-07-27 | C9: Texas Rangers vs Seattle Mariners | D9: Seattle Mariners ML | E9: Seattle Mariners | F9: ML | G9: 1.77 | H9: No | I9: Sí | J9: PERDIDO | K9: 1 | L9: =IF(J9="GANADO",G9-1,-1) -> -1 | M9: =M8+L9 -> 1.77
A10: 106 | B10: 2026-07-27 | C10: Detroit Tigers vs Baltimore Orioles | D10: Innings 1 a 3 - Total | E10: Innings 1 a 3 - Total | F10: Total | G10: 2 | H10: No | I10: Sí | J10: PERDIDO | K10: 1 | L10: =IF(J10="GANADO",G10-1,-1) -> -1 | M10: =M9+L10 -> 0.77
A11: 107 | B11: 2026-07-27 | C11: Pittsburgh Pirates vs Arizona Diamondbacks | D11: Totales (incl. extra innings) | E11: Totales (incl. extra innings) | F11: Total | G11: 1.83 | H11: No | I11: Sí | J11: GANADO | K11: 1 | L11: =IF(J11="GANADO",G11-1,-1) -> 0.83 | M11: =M10+L11 -> 1.6
A12: 108 | B12: 2026-07-27 | C12: New York Mets vs Atlanta Braves | D12: Atlanta Braves ML | E12: Atlanta Braves | F12: ML | G12: 1.93 | H12: No | I12: Sí | J12: PERDIDO | K12: 1 | L12: =IF(J12="GANADO",G12-1,-1) -> -1 | M12: =M11+L12 -> 0.6
A13: 109 | B13: 2026-07-27 | C13: Cincinnati Reds vs Cleveland Guardians | D13: Cleveland Guardians ML | E13: Cleveland Guardians | F13: ML | G13: 2.4 | H13: No | I13: Sí | J13: GANADO | K13: 1 | L13: =IF(J13="GANADO",G13-1,-1) -> 1.4 | M13: =M12+L13 -> 2
A14: 110 | B14: 2026-07-27 | C14: Miami Marlins vs Philadelphia Phillies | D14: Miami Marlins ML | E14: Miami Marlins | F14: RL | G14: 2.45 | H14: No | I14: Sí | J14: GANADO | K14: 1 | L14: =IF(J14="GANADO",G14-1,-1) -> 1.45 | M14: =M13+L14 -> 3.45
... A67: 317 | B67: 2026-08-29 | C67: Seattle Mariners vs Toronto Blue Jays | D67: Seattle Mariners ML | E67: Seattle Mariners | F67: ML | G67: 2 | H67: No | I67: No | J67: PERDIDO | K67: 1 | L67: =IF(J67="GANADO",G67-1,-1) -> -1 | M67: =M66+L67 -> 15.62
D68: TOTALES | J68: =COUNTIF(J2:J67,"GANADO")&"-"&COUNTIF(J2:J67,"PERDIDO") -> 42-24 | K68: =SUM(K2:K67) -> 66 | L68: =SUM(L2:L67) -> 15.62 | M68: =M67 -> 15.62

Sheet Resumen
A1: AUDITORÍA STRIKECAST MLB
A2: Periodo 26 jul – 29 ago 2026 · 66 picks con resultado verificado (✅/❌)
A4: MÉTRICAS GLOBALES
A5: Picks resueltos | B5: =COUNTA(Picks!A2:A67) -> 66
A6: Ganados | B6: =COUNTIF(Picks!J2:J67,"GANADO") -> 42
A7: Perdidos | B7: =COUNTIF(Picks!J2:J67,"PERDIDO") -> 24
A8: Win rate | B8: =B6/(B6+B7) -> 0.63636364
A9: Momio promedio | B9: =AVERAGE(Picks!G2:G67) -> 1.9359091
A10: Unidades apostadas | B10: =SUM(Picks!K2:K67) -> 66
A11: Utilidad (u) | B11: =SUM(Picks!L2:L67) -> 15.62
A12: ROI / Yield | B12: =B11/B10 -> 0.23666667
A13: Racha ganadora máx. | B13: 7
A14: Racha perdedora máx. | B14: 4
A15: Drawdown máx. (u) | B15: -2.12
A17: GANANCIA HIPOTÉTICA (según stake)
A18: Stake/pick | B18: Utilidad | C18: Total apostado
A19: $100 | B19: =$B$11*100 -> 1562 | C19: =$B$10*100 -> 6600
A20: $500 | B20: =$B$11*500 -> 7810 | C20: =$B$10*500 -> 33000
A21: $1000 | B21: =$B$11*1000 -> 15620 | C21: =$B$10*1000 -> 66000
A23: POR RANGO DE MOMIO
A24: Rango | B24: Ganados | C24: Perdidos | D24: ROI
A25: 1.40-1.60 | B25: =COUNTIFS(Picks!G2:G67,">=1.4",Picks!G2:G67,"<1.6",Picks!J2:J67,"GANADO") -> 1 | C25: =COUNTIFS(Picks!G2:G67,">=1.4",Picks!G2:G67,"<1.6",Picks!J2:J67,"PERDIDO") -> 2 | D25: =IFERROR(SUMIFS(Picks!L2:L67,Picks!G2:G67,">=1.4",Picks!G2:G67,"<1.6")/(B25+C25),0) -> -0.49333333
A26: 1.60-1.80 | B26: =COUNTIFS(Picks!G2:G67,">=1.6",Picks!G2:G67,"<1.8",Picks!J2:J67,"GANADO") -> 13 | C26: =COUNTIFS(Picks!G2:G67,">=1.6",Picks!G2:G67,"<1.8",Picks!J2:J67,"PERDIDO") -> 5 | D26: =IFERROR(SUMIFS(Picks!L2:L67,Picks!G2:G67,">=1.6",Picks!G2:G67,"<1.8")/(B26+C26),0) -> 0.24111111
A27: 1.80-2.00 | B27: =COUNTIFS(Picks!G2:G67,">=1.8",Picks!G2:G67,"<2.0",Picks!J2:J67,"GANADO") -> 13 | C27: =COUNTIFS(Picks!G2:G67,">=1.8",Picks!G2:G67,"<2.0",Picks!J2:J67,"PERDIDO") -> 7 | D27: =IFERROR(SUMIFS(Picks!L2:L67,Picks!G2:G67,">=1.8",Picks!G2:G67,"<2.0")/(B27+C27),0) -> 0.22
A28: +2.00 | B28: =COUNTIFS(Picks!G2:G67,">=2.0",Picks!G2:G67,"<9.99",Picks!J2:J67,"GANADO") -> 15 | C28: =COUNTIFS(Picks!G2:G67,">=2.0",Picks!G2:G67,"<9.99",Picks!J2:J67,"PERDIDO") -> 10 | D28: =IFERROR(SUMIFS(Picks!L2:L67,Picks!G2:G67,">=2.0",Picks!G2:G67,"<9.99")/(B28+C28),0) -> 0.3344
A30: LIVE vs PREGAME
A31: Pregame | B31: =COUNTIFS(Picks!H2:H67,"No",Picks!J2:J67,"GANADO") -> 31 | C31: =COUNTIFS(Picks!H2:H67,"No",Picks!J2:J67,"PERDIDO") -> 20 | D31: =IFERROR(SUMIFS(Picks!L2:L67,Picks!H2:H67,"No")/(B31+C31),0) -> 0.16509804
A32: Live | B32: =COUNTIFS(Picks!H2:H67,"Sí",Picks!J2:J67,"GANADO") -> 11 | C32: =COUNTIFS(Picks!H2:H67,"Sí",Picks!J2:J67,"PERDIDO") -> 4 | D32: =IFERROR(SUMIFS(Picks!L2:L67,Picks!H2:H67,"Sí")/(B32+C32),0) -> 0.48

Sheet Cómo registrar
A1: CÓMO SEGUIR REGISTRANDO — StrikeCast
A3: Este libro audita solo los picks con resultado verificable (✅/❌ por reply).
A4: Para que las próximas auditorías sean sólidas, sigue estas reglas:
A6: 1. Un pick = un mensaje. Nunca metas 2 selecciones en el mismo mensaje.
A7: 2. Responde SIEMPRE al pick con ✅ (ganado) o ❌ (perdido). Sin excepción, también en días malos.
A8: 3. NO edites el mensaje del pick después de publicarlo. La edición borra el original y mata la credibilidad de la auditoría.
A9: 4. Formato recomendado del pick:
A10: 🎯 Pick: <Equipo> ML | 💰 Momio: 1.85 | 🕒 Hora | ⚾ A vs B
A11: 5. Marca "en vivo" en el texto cuando sea live, para separar live vs pregame.
A13: Columnas editables en la hoja Picks (celdas amarillas = revisar):
A14: Momio y Resultado son los que alimentan Utilidad y ROI automáticamente.
A16: Meta antes de cobrar: ~200 picks limpios y continuos con ROI sostenido > +8-10%.
